<<<<<<< HEAD
<?xml version="1.0" encoding="UTF-8" standalone="no"?>
<Canvas xmlns="http://www.jgrasp.org">
  <Language>Java</Language>
  <ShowTypes>false</ShowTypes>
  <Version>2</Version>
  <Grid>
    <Snap>true</Snap>
    <Show>false</Show>
  </Grid>
  <Scope id="1">
    <Name>addBefore</Name>
    <Signature>(I)V</Signature>
    <DeclaringType>IntLinkedSeq</DeclaringType>
    <Depth>1</Depth>
  </Scope>
  <Scope id="0">
    <Name>main</Name>
    <Signature>([Ljava/lang/String;)V</Signature>
    <DeclaringType>TestIntLinkedSeq_ver1</DeclaringType>
    <Depth>0</Depth>
  </Scope>
  <Scope id="2">
    <Name>toArray</Name>
    <Signature>()[I</Signature>
    <DeclaringType>IntLinkedSeq</DeclaringType>
    <Depth>1</Depth>
  </Scope>
  <Frame>
    <Bounds>
      <AutoSize>true</AutoSize>
      <X>600</X>
      <Y>50</Y>
      <W>104</W>
      <H>102</H>
    </Bounds>
    <Viewer>
      <ScopeID>0</ScopeID>
      <Expression>`local IntSeq` seq2</Expression>
      <ViewerClass>java__lang__Object_LinkedView</ViewerClass>
    </Viewer>
  </Frame>
  <Frame>
    <Bounds>
      <AutoSize>true</AutoSize>
      <X>110</X>
      <Y>40</Y>
      <W>165</W>
      <H>102</H>
    </Bounds>
    <Viewer>
      <ScopeID>0</ScopeID>
      <Expression>`local IntSeq` seq1</Expression>
      <ViewerClass>java__lang__Object_LinkedView</ViewerClass>
    </Viewer>
  </Frame>
  <Frame>
    <Bounds>
      <AutoSize>true</AutoSize>
      <X>350</X>
      <Y>80</Y>
      <W>119</W>
      <H>82</H>
    </Bounds>
    <Viewer>
      <ScopeID>1</ScopeID>
      <Expression>this.cursor</Expression>
      <ViewerClass>java__lang__Object_LinkedView</ViewerClass>
    </Viewer>
  </Frame>
  <Frame>
    <Bounds>
      <AutoSize>true</AutoSize>
      <X>100</X>
      <Y>250</Y>
      <W>212</W>
      <H>74</H>
    </Bounds>
    <Viewer>
      <ScopeID>2</ScopeID>
      <Expression>`local int[]` seqArray</Expression>
      <ViewerClass>_X_A_PresentationView</ViewerClass>
    </Viewer>
  </Frame>
  <Size>
    <W>960</W>
    <H>425</H>
  </Size>
  <ESize>
    <W>960</W>
    <H>425</H>
  </ESize>
</Canvas>
=======
<?xml version="1.0" encoding="UTF-8" standalone="no"?>
<Canvas xmlns="http://www.jgrasp.org">
  <Language>Java</Language>
  <ShowTypes>false</ShowTypes>
  <Version>2</Version>
  <Grid>
    <Snap>true</Snap>
    <Show>false</Show>
  </Grid>
  <Scope id="1">
    <Name>addBefore</Name>
    <Signature>(I)V</Signature>
    <DeclaringType>IntLinkedSeq</DeclaringType>
    <Depth>1</Depth>
  </Scope>
  <Scope id="0">
    <Name>main</Name>
    <Signature>([Ljava/lang/String;)V</Signature>
    <DeclaringType>TestIntLinkedSeq_ver1</DeclaringType>
    <Depth>0</Depth>
  </Scope>
  <Scope id="2">
    <Name>toArray</Name>
    <Signature>()[I</Signature>
    <DeclaringType>IntLinkedSeq</DeclaringType>
    <Depth>1</Depth>
  </Scope>
  <Frame>
    <Bounds>
      <AutoSize>true</AutoSize>
      <X>30</X>
      <Y>40</Y>
      <W>592</W>
      <H>102</H>
    </Bounds>
    <Viewer>
      <ScopeID>0</ScopeID>
      <Expression>`local IntSeq` seq1</Expression>
      <ViewerClass>java__lang__Object_LinkedView</ViewerClass>
    </Viewer>
  </Frame>
  <Frame>
    <Bounds>
      <AutoSize>true</AutoSize>
      <X>430</X>
      <Y>270</Y>
      <W>363</W>
      <H>82</H>
    </Bounds>
    <Viewer>
      <ScopeID>1</ScopeID>
      <Expression>this.cursor</Expression>
      <ViewerClass>java__lang__Object_LinkedView</ViewerClass>
    </Viewer>
  </Frame>
  <Frame>
    <Bounds>
      <AutoSize>true</AutoSize>
      <X>100</X>
      <Y>250</Y>
      <W>280</W>
      <H>74</H>
    </Bounds>
    <Viewer>
      <ScopeID>2</ScopeID>
      <Expression>`local int[]` seqArray</Expression>
      <ViewerClass>_X_A_PresentationView</ViewerClass>
    </Viewer>
  </Frame>
  <Frame>
    <Bounds>
      <AutoSize>true</AutoSize>
      <X>600</X>
      <Y>200</Y>
      <W>363</W>
      <H>82</H>
    </Bounds>
    <Viewer>
      <ScopeID>1</ScopeID>
      <Expression>this.cursor</Expression>
      <ViewerClass>java__lang__Object_LinkedView</ViewerClass>
    </Viewer>
  </Frame>
  <Frame>
    <Bounds>
      <AutoSize>true</AutoSize>
      <X>290</X>
      <Y>180</Y>
      <W>409</W>
      <H>102</H>
    </Bounds>
    <Viewer>
      <ScopeID>0</ScopeID>
      <Expression>`local IntSeq` seq2</Expression>
      <ViewerClass>java__lang__Object_LinkedView</ViewerClass>
    </Viewer>
  </Frame>
  <Size>
    <W>960</W>
    <H>495</H>
  </Size>
  <ESize>
    <W>960</W>
    <H>495</H>
  </ESize>
</Canvas>
>>>>>>> f5d1e9829f62343600fba0275404b5adda9598ee
