<<<<<<< HEAD
<?xml version="1.0" encoding="UTF-8" standalone="no"?>
<Canvas xmlns="http://www.jgrasp.org">
  <Language>Java</Language>
  <ShowTypes>false</ShowTypes>
  <Version>2</Version>
  <Grid>
    <Snap>true</Snap>
    <Show>false</Show>
  </Grid>
  <Scope id="1">
    <Name>addFirst</Name>
    <Signature>(I)V</Signature>
    <DeclaringType>IntLinkedSeq</DeclaringType>
    <Depth>1</Depth>
  </Scope>
  <Scope id="0">
    <Name>addBefore</Name>
    <Signature>(I)V</Signature>
    <DeclaringType>IntLinkedSeq</DeclaringType>
    <Depth>1</Depth>
  </Scope>
  <Scope id="3">
    <Name>main</Name>
    <Signature>([Ljava/lang/String;)V</Signature>
    <DeclaringType>TestIntLinkedSeq_ver1</DeclaringType>
    <Depth>0</Depth>
  </Scope>
  <Scope id="2">
    <Name>catenation</Name>
    <Signature>(LIntSeq;)LIntSeq;</Signature>
    <DeclaringType>IntLinkedSeq</DeclaringType>
    <Depth>1</Depth>
  </Scope>
  <Frame>
    <Bounds>
      <AutoSize>false</AutoSize>
      <X>510</X>
      <Y>290</Y>
      <W>378</W>
      <H>210</H>
    </Bounds>
    <PanelSize>
      <Key>java__lang__Object_LinkedView0</Key>
      <Order>4</Order>
      <W>384</W>
      <H>238</H>
    </PanelSize>
    <Viewer>
      <ScopeID>0</ScopeID>
      <Expression>this.cursor</Expression>
      <ViewerClass>java__lang__Object_LinkedView</ViewerClass>
    </Viewer>
  </Frame>
  <Frame>
    <Bounds>
      <AutoSize>true</AutoSize>
      <X>420</X>
      <Y>110</Y>
      <W>65</W>
      <H>47</H>
    </Bounds>
    <LabelLoc>
      <WO>false</WO>
    </LabelLoc>
    <Viewer>
      <ScopeID>1</ScopeID>
      <Expression>this.manyItems</Expression>
      <ViewerClass>_X_ElementView</ViewerClass>
    </Viewer>
  </Frame>
  <Frame>
    <Bounds>
      <AutoSize>false</AutoSize>
      <X>230</X>
      <Y>260</Y>
      <W>411</W>
      <H>51</H>
    </Bounds>
    <Viewer>
      <ScopeID>2</ScopeID>
      <Expression>`local IntSeq` s2</Expression>
      <ViewerClass>java__lang__Object_LinkedView</ViewerClass>
    </Viewer>
  </Frame>
  <Frame>
    <Bounds>
      <AutoSize>true</AutoSize>
      <X>30</X>
      <Y>70</Y>
      <W>534</W>
      <H>177</H>
    </Bounds>
    <Viewer>
      <ScopeID>1</ScopeID>
      <Expression>this</Expression>
      <ViewerClass>java__lang__Object_LinkedView</ViewerClass>
    </Viewer>
  </Frame>
  <Frame>
    <Bounds>
      <AutoSize>true</AutoSize>
      <X>30</X>
      <Y>90</Y>
      <W>348</W>
      <H>102</H>
    </Bounds>
    <Viewer>
      <ScopeID>3</ScopeID>
      <Expression>`local IntSeq` seq1</Expression>
      <ViewerClass>java__lang__Object_LinkedView</ViewerClass>
    </Viewer>
  </Frame>
  <Frame>
    <Bounds>
      <AutoSize>true</AutoSize>
      <X>80</X>
      <Y>360</Y>
      <W>241</W>
      <H>82</H>
    </Bounds>
    <Viewer>
      <ScopeID>3</ScopeID>
      <Expression>((IntLinkedSeq) `local IntSeq` seq1).cursor</Expression>
      <ViewerClass>java__lang__Object_LinkedView</ViewerClass>
    </Viewer>
  </Frame>
  <Size>
    <W>994</W>
    <H>726</H>
  </Size>
  <ESize>
    <W>994</W>
    <H>726</H>
  </ESize>
</Canvas>
=======
<?xml version="1.0" encoding="UTF-8" standalone="no"?>
<Canvas xmlns="http://www.jgrasp.org">
  <Language>Java</Language>
  <ShowTypes>false</ShowTypes>
  <Version>2</Version>
  <Grid>
    <Snap>true</Snap>
    <Show>false</Show>
  </Grid>
  <Scope id="0">
    <Name>addFirst</Name>
    <Signature>(I)V</Signature>
    <DeclaringType>IntLinkedSeq</DeclaringType>
    <Depth>1</Depth>
  </Scope>
  <Scope id="2">
    <Name>main</Name>
    <Signature>([Ljava/lang/String;)V</Signature>
    <DeclaringType>TestIntLinkedSeq_ver1</DeclaringType>
    <Depth>0</Depth>
  </Scope>
  <Scope id="1">
    <Name>catenation</Name>
    <Signature>(LIntSeq;)LIntSeq;</Signature>
    <DeclaringType>IntLinkedSeq</DeclaringType>
    <Depth>1</Depth>
  </Scope>
  <Frame>
    <Bounds>
      <AutoSize>true</AutoSize>
      <X>420</X>
      <Y>110</Y>
      <W>62</W>
      <H>44</H>
    </Bounds>
    <LabelLoc>
      <WO>false</WO>
    </LabelLoc>
    <Viewer>
      <ScopeID>0</ScopeID>
      <Expression>this.manyItems</Expression>
      <ViewerClass>_X_ElementView</ViewerClass>
    </Viewer>
  </Frame>
  <Frame>
    <Bounds>
      <AutoSize>true</AutoSize>
      <X>30</X>
      <Y>70</Y>
      <W>531</W>
      <H>174</H>
    </Bounds>
    <Viewer>
      <ScopeID>0</ScopeID>
      <Expression>this</Expression>
      <ViewerClass>java__lang__Object_LinkedView</ViewerClass>
    </Viewer>
  </Frame>
  <Frame>
    <Bounds>
      <AutoSize>false</AutoSize>
      <X>230</X>
      <Y>260</Y>
      <W>408</W>
      <H>48</H>
    </Bounds>
    <Viewer>
      <ScopeID>1</ScopeID>
      <Expression>`local IntSeq` s2</Expression>
      <ViewerClass>java__lang__Object_LinkedView</ViewerClass>
    </Viewer>
  </Frame>
  <Frame>
    <Bounds>
      <AutoSize>true</AutoSize>
      <X>80</X>
      <Y>360</Y>
      <W>214</W>
      <H>154</H>
    </Bounds>
    <Viewer>
      <ScopeID>2</ScopeID>
      <Expression>((IntLinkedSeq) `local IntSeq` seq1).cursor</Expression>
      <ViewerClass>java__lang__Object_LinkedView</ViewerClass>
    </Viewer>
  </Frame>
  <Size>
    <W>697</W>
    <H>726</H>
  </Size>
  <ESize>
    <W>697</W>
    <H>726</H>
  </ESize>
</Canvas>
>>>>>>> 25b41143349f4f8baccedb898744eed672dd9214
